phase,threads,time_seconds,speedup,max_steps,checksum
sequential_warmup,1,1.479557,,688,82237874
sequential_run2,1,1.478827,,688,82237874
sequential_run3,1,1.478508,,688,82237874
openmp,1,1.483203,0.9969,688,82237874
openmp,2,0.794056,1.8622,688,82237874
openmp,4,0.450845,3.2797,688,82237874
openmp,8,0.274151,5.3936,688,82237874
openmp,10,0.239414,6.1762,688,82237874
openmp,16,0.238670,6.1955,688,82237874
false_sharing,10,0.297862,,,,ratio_vs_padded=2.172
padded,10,0.137113,,,,
schedule_static,10,0.234338,,688,82237874
schedule_static_1000,10,0.218408,,688,82237874
schedule_dynamic_100,10,0.219916,,688,82237874
schedule_dynamic_10000,10,0.227578,,688,82237874
schedule_guided,10,0.214514,,688,82237874
