benchmark,threads,workload,time_seconds,speedup,efficiency_percent,megacells_per_second
Monte Carlo,1,120000000,0.6302809170010732,1.0,100.0,
Monte Carlo,2,120000000,0.3217620830037049,1.9588414865955972,97.94207432977986,
Monte Carlo,4,120000000,0.16354229200078407,3.8539322721369924,96.3483068034248,
Monte Carlo,8,120000000,0.12904012500075623,4.884379312228499,61.05474140285624,
Monte Carlo,10,120000000,0.11957979100407101,5.270797947619893,52.70797947619893,
Mandelbrot rows,10,2500x2500,3.179703249996237,,,
Mandelbrot columns,10,2500x2500,3.186084209002729,,,
Heat float64,1,1500x1500x300,0.19963633400038816,1.0,100.0,3381.1480429143103
Heat float64,2,1500x1500x300,0.10026595799718052,1.9910679355998566,99.55339677999284,6732.09545376289
Heat float64,4,1500x1500x300,0.07893200000398792,2.529219251891525,63.230481297288115,8551.664723634225
Heat float64,8,1500x1500x300,0.12373762499919394,1.6133842394476914,20.167302993096143,5455.090963677355
Heat float64,10,1500x1500x300,0.13461550000647549,1.4830114956359777,14.830114956359775,5014.281416089009
Heat float32,1,1500x1500x300,0.18588695799553534,1.0,100.0,3631.2391535086194
Heat float32,2,1500x1500x300,0.09465341699979035,1.9638694923813165,98.19347461906582,7131.279793116133
Heat float32,4,1500x1500x300,0.04840962500020396,3.8398760162829637,95.9969004070741,13943.508134945398
Heat float32,8,1500x1500x300,0.05245254199689953,3.5439075194205674,44.29884399275709,12868.775740933574
Heat float32,10,1500x1500x300,0.058186874994134996,3.1946544304754636,31.94654430475464,11600.554249872284
